{"blacklist_i":[],"cost_i":[0.0,0.0,0.0,0.0,0.0,0.0,0.0,0.024831999093294144,0.0,0.0,0.012849999591708183,0.0,0.0,0.06745599955320358,0.0,0.0,0.03468799963593483,0.02121400088071823,0.006624999921768904,0.0,0.0,0.034713998436927795,0.0,0.0,0.06745599955320358,0.0,0.0,0.03468799963593483,0.02121400088071823,0.006624999921768904,0.0,0.0,0.034713998436927795,0.0,0.0,0.06745599955320358,0.0,0.0,0.03468799963593483,0.02121400088071823,0.006624999921768904,0.0,0.0,0.04371900111436844,0.0,0.0,0.04052500054240227,0.0,0.0,0.11161600053310394,0.0,0.0,0.036928001791238785,0.011374999769032001,0.011250999756157398,0.0,0.0,0.05132000148296356,0.0,0.0,0.04276299849152565,0.0,0.0,0.036928001791238785,0.011374999769032001,0.011250999756157398,0.0,0.0,0.05132000148296356,0.0,0.0,0.04276299849152565,0.0,0.0,0.036928001791238785,0.011374999769032001,0.011250999756157398,0.0,0.0,0.05132000148296356,0.0,0.0,0.04276299849152565,0.0,0.0,0.036928001791238785,0.011374999769032001,0.011250999756157398,0.0,0.0,0.06914199888706207,0.0,0.0,0.06410899758338928,0.0,0.0,0.1319669932126999,0.0,0.0,0.03692600131034851,0.005018000025302172,0.004991999827325344,0.0,0.0,0.06035200133919716,0.0,0.0,0.0771619975566864,0.0,0.0,0.03692600131034851,0.005018000025302172,0.004991999827325344,0.0,0.0,0.06035200133919716,0.0,0.0,0.0771619975566864,0.0,0.0,0.03692600131034851,0.005018000025302172,0.004991999827325344,0.0,0.0,0.06035200133919716,0.0,0.0,0.0771619975566864,0.0,0.0,0.03692600131034851,0.005018000025302172,0.004991999827325344,0.0,0.0,0.06035200133919716,0.0,0.0,0.0771619975566864,0.0,0.0,0.03692600131034851,0.005018000025302172,0.004991999827325344,0.0,0.0,0.06035200133919716,0.0,0.0,0.0771619975566864,0.0,0.0,0.03692600131034851,0.005018000025302172,0.004991999827325344,0.0,0.0,0.0978349968791008,0.0,0.0,0.0941300019621849,0.0,0.0,0.30963701009750366,0.0,0.0,0.05215999856591225,0.004993000067770481,0.005119999870657921,0.0,0.0,0.11225199699401855,0.0,0.0,0.18028800189495087,0.0,0.0,0.05215999856591225,0.004993000067770481,0.005119999870657921,0.0,0.0,0.11225199699401855,0.0,0.0,0.18028800189495087,0.0,0.0,0.05215999856591225,0.004993000067770481,0.005119999870657921],"e_m":[[0],[1],[2],[3],[4],[5],[6],[7],[8],[9],[10],[11],[12],[13],[14],[15],[16],[17],[18],[19],[20],[21],[22],[23],[24],[25],[26],[27],[28],[29],[30],[31],[32],[33],[34],[35],[36],[37],[38],[39],[40],[41],[42],[43],[44],[45],[46],[47],[48],[49],[50],[51],[52],[53],[54],[55],[56],[57],[58],[59],[60],[61],[62],[63],[64],[65],[66],[67],[68],[69],[70],[71],[72],[73],[74],[75],[76],[77],[78],[79],[80],[81],[82],[83],[84],[85],[86],[87],[88],[89],[90],[91],[92],[93],[94],[95],[96],[97],[98],[99],[100],[101],[102],[103],[104],[105],[106],[107],[108],[109],[110],[111],[112],[113],[114],[115],[116],[117],[118],[119],[120],[121],[122],[123],[124],[125],[126],[127],[128],[129],[130],[131],[132],[133],[134],[135],[136],[137],[138],[139],[140],[141],[142],[143],[144],[145],[146],[147],[148],[149],[150],[151],[152],[153],[154],[155],[156],[157],[158],[159],[160],[161],[162],[163],[164],[165],[166],[167],[168],[169],[170],[171],[172],[173],[174],[175],[176],[177],[178],[179],[180],[181],[182],[183],[184],[185],[186],[187],[188],[189],[190],[191],[192]],"g_i":[0,1,2,3,4,5,6,7,8,9,10,11,12,13,14,15,16,17,18,19,20,21,22,23,24,25,26,27,28,29,30,31,32,33,34,35,36,37,38,39,40,41,42,43,44,45,46,47,48,49,50,51,52,53,54,55,56,57,58,59,60,61,62,63,64,65,66,67,68,69,70,71,72,73,74,75,76,77,78,79,80,81,82,83,84,85,86,87,88,89,90,91,92,93,94,95,96,97,98,99,100,101,102,103,104,105,106,107,108,109,110,111,112,113,114,115,116,117,118,119,120,121,122,123,124,125,126,127,128,129,130,131,132,133,134,135,136,137,138,139,140,141,142,143,144,145,146,147,148,149,150,151,152,153,154,155,156,157,158,159,160,161,162,163,164,165,166,167,168,169,170,171,172,173,174,175,176,177,178,179,180,181,182,183,184,185,186,187,188,189,190,191,192],"h_i":[[],[],[],[],[3],[],[5],[2,2,1,0,4,6],[],[8],[2,2,1,0,4,9],[],[11],[2,2,1,0,10,12],[],[14],[2,2,1,1,13,15],[7,16],[17],[],[19],[2,2,1,0,18,20],[],[22],[2,2,1,0,21,23],[],[25],[2,2,1,1,24,26],[18,27],[28],[],[30],[2,2,1,0,29,31],[],[33],[2,2,1,0,32,34],[],[36],[2,2,1,1,35,37],[29,38],[39],[],[41],[0,0,1,0,40,42],[],[44],[2,2,1,0,40,45],[],[47],[0,0,1,0,46,48],[],[50],[2,2,1,1,49,51],[43,52],[53],[],[55],[2,2,1,0,54,56],[],[58],[2,2,1,0,57,59],[],[61],[2,2,1,1,60,62],[54,63],[64],[],[66],[2,2,1,0,65,67],[],[69],[2,2,1,0,68,70],[],[72],[2,2,1,1,71,73],[65,74],[75],[],[77],[2,2,1,0,76,78],[],[80],[2,2,1,0,79,81],[],[83],[2,2,1,1,82,84],[76,85],[86],[],[88],[0,0,1,0,87,89],[],[91],[2,2,1,0,87,92],[],[94],[0,0,1,0,93,95],[],[97],[2,2,1,1,96,98],[90,99],[100],[],[102],[2,2,1,0,101,103],[],[105],[2,2,1,0,104,106],[],[108],[2,2,1,1,107,109],[101,110],[111],[],[113],[2,2,1,0,112,114],[],[116],[2,2,1,0,115,117],[],[119],[2,2,1,1,118,120],[112,121],[122],[],[124],[2,2,1,0,123,125],[],[127],[2,2,1,0,126,128],[],[130],[2,2,1,1,129,131],[123,132],[133],[],[135],[2,2,1,0,134,136],[],[138],[2,2,1,0,137,139],[],[141],[2,2,1,1,140,142],[134,143],[144],[],[146],[2,2,1,0,145,147],[],[149],[2,2,1,0,148,150],[],[152],[2,2,1,1,151,153],[145,154],[155],[],[157],[0,0,1,0,156,158],[],[160],[2,2,1,0,156,161],[],[163],[0,0,1,0,162,164],[],[166],[2,2,1,1,165,167],[159,168],[169],[],[171],[2,2,1,0,170,172],[],[174],[2,2,1,0,173,175],[],[177],[2,2,1,1,176,178],[170,179],[180],[],[182],[2,2,1,0,181,183],[],[185],[2,2,1,0,184,186],[],[188],[2,2,1,1,187,189],[181,190],[191]],"root_m":192}